servername,host availability %
slc13477,100.0
slb26362.srv.allianz,100.0
slb26361.srv.allianz,100.0
slb23458.srv.allianz,100.0
slb21993(aaldbpap2024a),100.0
slb21988(aalwspap2713),100.0
slb21954.srv.allianz,100.0
slb16422.srv.allianz,100.0
slb11162.srv.allianz,100.0
slb11080.srv.allianz,100.0
slb11057.srv.allianz,100.0
slb10886.srv.allianz,100.0
slb10859.srv.allianz,100.0
slb10858.srv.allianz,100.0
sla98476.srv.allianz,100.0
sla96748(aalpgpap2007b),100.0
sla96747(aalpgpap2007a),100.0
sla96380(aalpguap2007),100.0
sla95209(aaldbpap2025a),100.0
sla94551(aaldbuap2025),100.0
sla93594.srv.allianz,100.0
sla91962(aaldbpap2023a),100.0
sla91961(aaldbpap2023b),100.0
sla88060(aaldbuap2023),100.0
sla87710.srv.allianz,100.0
sgagc0037.srv.allianz,100.0
auaal1710.corp.aal.au,100.0
auaal1709.corp.aal.au,100.0
auaal1708(aaldbpap2020a),100.0
auaal1683.corp.aal.au,100.0
auaal1681.corp.aal.au,100.0
auaal1678.corp.aal.au,100.0
auaal1670.corp.aal.au,100.0
auaal1664.corp.aal.au,100.0
auaal1617.corp.aal.au,100.0
auaal1582(aaldbpap2022a),100.0
auaal1581.corp.aal.au,100.0
auaal1580.corp.aal.au,100.0
auaal1576.corp.aal.au,100.0
auaal1575.corp.aal.au,100.0
auaal1570.corp.aal.au,100.0
auaal1569.corp.aal.au,100.0
auaal1565(aaldbpap2018a),100.0
auaal1564(aaldbpap2016a),100.0
auaal1446(aalpgpap2003b),100.0
auaal1445(aalpgpap2003a),100.0
auaal1444(aaldbpap2015a),100.0
auaal1442.corp.aal.au,100.0
auaal1441.corp.aal.au,100.0
auaal1439.corp.aal.au,100.0
auaal1419.corp.aal.au,100.0
auaal1418.corp.aal.au,100.0
auaal1416.corp.aal.au,100.0
auaal1415.corp.aal.au,100.0
auaal1389.corp.aal.au,100.0
auaal1348(aaldbpap2017a),100.0
auaal1343.corp.aal.au,100.0
auaal1340.corp.aal.au,100.0
auaal1339.corp.aal.au,100.0
auaal1337(aaldbpap2010b),100.0
auaal1335(aaldbpap2010a),100.0
auaal1324.corp.aal.au,100.0
auaal1323.corp.aal.au,100.0
auaal1302(aaldbuap2017),100.0
auaal1298.corp.aal.au,100.0
auaal1297.corp.aal.au,100.0
auaal1296.corp.aal.au,100.0
auaal1295.corp.aal.au,100.0
auaal1292.corp.aal.au,100.0
auaal1291.corp.aal.au,100.0
auaal1290.corp.aal.au,100.0
auaal1289.corp.aal.au,100.0
auaal1279.corp.aal.au,100.0
auaal1278.corp.aal.au,100.0
auaal1244(aaldbpap2013b),100.0
auaal1242(aaldbpap2011b),100.0
auaal1241(aaldbpap2011a),100.0
auaal1240.corp.aal.au,100.0
auaal1239.corp.aal.au,100.0
auaal1238.corp.aal.au,100.0
auaal1237.corp.aal.au,100.0
auaal1158(aaldbpap2014b),100.0
auaal1157(aaldbpap2014a),100.0
auaal1155(aaldbpap2008b),100.0
auaal1154(aaldbpap2008a),100.0
auaal1153(aaldbpap2007b),100.0
auaal1152(aaldbpap2007a),100.0
auaal1127.corp.aal.au,100.0
auaal1126.corp.aal.au,100.0
auaal1125.corp.aal.au,100.0
auaal1124.corp.aal.au,100.0
auaal1121.corp.aal.au,100.0
auaal1120.corp.aal.au,100.0
auaal1119.corp.aal.au,100.0
auaal1118.corp.aal.au,100.0
auaal1115.corp.aal.au,100.0
auaal1114.corp.aal.au,100.0
auaal1113.corp.aal.au,100.0
auaal1112.corp.aal.au,100.0
auaal1111.corp.aal.au,100.0
auaal1110.corp.aal.au,100.0
auaal1107.corp.aal.au,100.0
auaal1106.corp.aal.au,100.0
auaal1051(aaldbuap2009),100.0
auaal1050(aaldbuap2008),100.0
auaal1049(aaldbuap2007),100.0
auaal0959.corp.aal.au,100.0
auaal0958.corp.aal.au,100.0
auaal0957.corp.aal.au,100.0
auaal0956.corp.aal.au,100.0
auaal0955.corp.aal.au,100.0
auaal0954.corp.aal.au,100.0
auaal0953.corp.aal.au,100.0
auaal0952.corp.aal.au,100.0
auaal0951.corp.aal.au,100.0
auaal0950.corp.aal.au,100.0
auaal0947.corp.aal.au,100.0
auaal0946.corp.aal.au,100.0
auaal0945.corp.aal.au,100.0
auaal0944.corp.aal.au,100.0
auaal0819.corp.aal.au,100.0
auaal0818.corp.aal.au,100.0
auaal0817.corp.aal.au,100.0
auaal0816.corp.aal.au,100.0
auaal0815.corp.aal.au,100.0
auaal0814.corp.aal.au,100.0
auaal0813.corp.aal.au,100.0
auaal0812.corp.aal.au,100.0
auaal0811.corp.aal.au,100.0
auaal0810.corp.aal.au,100.0
auaal0809.corp.aal.au,100.0
auaal0808.corp.aal.au,100.0
auaal0807.corp.aal.au,100.0
auaal0806.corp.aal.au,100.0
auaal0805.corp.aal.au,100.0
auaal0803.corp.aal.au,100.0
auaal0802.corp.aal.au,100.0
auaal0801.corp.aal.au,100.0
auaal0800.corp.aal.au,100.0
auaal0799.corp.aal.au,100.0
auaal0798.corp.aal.au,100.0
auaal0797.corp.aal.au,100.0
auaal0796.corp.aal.au,100.0
auaal0795.corp.aal.au,100.0
auaal0794.corp.aal.au,100.0
auaal0785(aaldbpap2004b),100.0
auaal0780(aaldbuap2020),100.0
auaal0770(aaldbpap2005b),100.0
auaal0768(aaldbpap2003b),100.0
auaal0767(aaldbpap2005a),100.0
auaal0765(aaldbpap2003a),100.0
auaal0764(aaldbuap2005),100.0
auaal0762(aaldbuap2003),100.0
auaal0748(aaldbpap2001b),100.0
auaal0747(aaldbpap2001a),100.0
auaal0660(aalpgpap2002b),100.0
auaal0659(aalpgpap2002a),100.0
auaal0650.corp.aal.au,100.0
auaal0649.corp.aal.au,100.0
auaal0642(aaldbpap2006b),100.0
auaal0640(aaldbpap2006a),100.0
auaal0639.srv.allianz,100.0
auaal0638(aaldbpap2002a),100.0
auaal0516(aaldbuap2006),100.0
auaal0515(aaldbuap2002),100.0
ap2smabdevma01.cmap.allianz,100.0
ap2sma0drhs004.cmap.allianz,100.0
aalsbpwph022b.corp.aal.au,100.0
aalsbpwph022a.corp.aal.au,100.0
aalmqpwph002.corp.aal.au,100.0
aalispwph002.corp.aal.au,100.0
aalespwph002.corp.aal.au,100.0
aalccpwph002.corp.aal.au,100.0
slb21992(aalwspap2712),99.99962664277182
slb21990(aalwspap2710),99.99962664277182
auaal0641(aaldbpap2002b),99.99962664277182
slb21975.srv.allianz,99.99925328554362
slb21973.srv.allianz,99.99925328554362
sla99947.srv.allianz,99.99925328554362
auaal1204(aaldbpap2009b),99.99925328554362
auaal0766(aaldbpap2004a),99.9992532855436
slc05636,99.99887992831542
slb25392.srv.allianz,99.99887992831542
slb25391.srv.allianz,99.99887992831542
slb24658.srv.allianz,99.99887992831542
slb22802.srv.allianz,99.99887992831542
slb21972.srv.allianz,99.99887992831542
sla96309.srv.allianz,99.99887992831542
auaal1201(aaldbpap2009a),99.99887992831542
slb23046.srv.allianz,99.9985065710872
slb16363.srv.allianz,99.9985065710872
sla96836.srv.allianz,99.9985065710872
sla93272.srv.allianz,99.9985065710872
sla88004.srv.allianz,99.9985065710872
slb23219.srv.allianz,99.99813321385902
slc12834,99.99775985663082
slb25467.srv.allianz,99.99775985663082
slb24684.srv.allianz,99.99775985663082
slb24681.srv.allianz,99.99775985663082
slb24321.srv.allianz,99.99775985663082
slb23333.srv.allianz,99.99775985663082
slb23329.srv.allianz,99.99775985663082
slb23328.srv.allianz,99.99775985663082
slb23054.srv.allianz,99.99775985663082
slb22810.srv.allianz,99.99775985663082
slb22803.srv.allianz,99.99775985663082
slb22523.srv.allianz,99.99775985663082
slb22258.srv.allianz,99.99775985663082
slb22191.srv.allianz,99.99775985663082
slb22140.srv.allianz,99.99775985663082
slb22024.srv.allianz,99.99775985663082
slb22022.srv.allianz,99.99775985663082
slb21368.srv.allianz,99.99775985663082
sla99945.srv.allianz,99.99775985663082
sla98579.srv.allianz,99.99775985663082
sla98490.srv.allianz,99.99775985663082
sla98488.srv.allianz,99.99775985663082
sla98415.srv.allianz,99.99775985663082
sla98289.srv.allianz,99.99775985663082
sla98283.srv.allianz,99.99775985663082
sla97106.srv.allianz,99.99775985663082
sla89077.srv.allianz,99.99775985663082
sla88002.srv.allianz,99.99775985663082
sgazt0329.srv.allianz,99.99775985663082
sgazt0324.srv.allianz,99.99775985663082
idazl0034.srv.allianz,99.99775985663082
auaal0637.srv.allianz,99.99775985663082
slb27679.srv.allianz,99.99738649940264
slb27539.srv.allianz,99.99738649940264
slb27536.srv.allianz,99.99738649940264
slb23051.srv.allianz,99.99738649940264
slb22904.srv.allianz,99.99738649940264
slb22903.srv.allianz,99.99738649940264
slb22245.srv.allianz,99.99738649940264
slb22158.srv.allianz,99.99738649940264
slb22021.srv.allianz,99.99738649940264
slb22020.srv.allianz,99.99738649940264
slb21974.srv.allianz,99.99738649940264
slb21444.srv.allianz,99.99738649940264
slb11140.srv.allianz,99.99738649940264
sla98265.srv.allianz,99.99738649940264
sla95301.srv.allianz,99.99738649940264
sla94480.srv.allianz,99.99738649940264
sla93271.srv.allianz,99.99738649940264
sla91702.srv.allianz,99.99738649940264
sla91687.srv.allianz,99.99738649940264
sla88006.srv.allianz,99.99738649940264
sla88003.srv.allianz,99.99738649940264
phpnb0231.srv.allianz,99.99738649940264
idazl0024.srv.allianz,99.99738649940264
auaal1685.corp.aal.au,99.99738649940264
auaal1684.corp.aal.au,99.99738649940264
auaal0576(aalpguap2001),99.99738649940264
auaal0483.corp.aal.au,99.99738649940264
auaal1426(aaldlppdc002),99.99701314217445
slb27537.srv.allianz,99.99701314217444
slb25393.srv.allianz,99.99701314217444
slb24592.srv.allianz,99.99701314217444
slb23246.srv.allianz,99.99701314217444
slb22928.srv.allianz,99.99701314217444
slb22535.srv.allianz,99.99701314217444
slb22080.srv.allianz,99.99701314217444
slb21964.srv.allianz,99.99701314217444
slb21950.srv.allianz,99.99701314217444
slb21949.srv.allianz,99.99701314217444
slb21946.srv.allianz,99.99701314217444
slb21899.srv.allianz,99.99701314217444
slb21832.srv.allianz,99.99701314217444
slb21351.srv.allianz,99.99701314217444
sla99864.srv.allianz,99.99701314217444
sla99863.srv.allianz,99.99701314217444
sla99862.srv.allianz,99.99701314217444
sla98153.srv.allianz,99.99701314217444
sla97592.srv.allianz,99.99701314217444
sla95299.srv.allianz,99.99701314217444
sla95297.srv.allianz,99.99701314217444
sla94481.srv.allianz,99.99701314217444
phpnb0176.srv.allianz,99.99701314217444
phpnb0134.srv.allianz,99.99701314217444
phpnb0132.srv.allianz,99.99701314217444
idazl0318.srv.allianz,99.99701314217444
hitmmdcopp3.cmap.allianz,99.99701314217444
hitmap2opd1.cmap.allianz,99.99701314217444
auaal1641.corp.aal.au,99.99701314217444
auaal1420.corp.aal.au,99.99701314217444
ap1thawpl0014.srv.allianz,99.99701314217444
slb24678.srv.allianz,99.99663978494624
sla99943.srv.allianz,99.99663978494624
auaal1642(aalpguap2003),99.99663978494624
auaal1315.corp.aal.au,99.99663978494624
auaal1146.corp.aal.au,99.99663978494624
auaal0928.corp.aal.au,99.99663978494624
auaal0919.corp.aal.au,99.99663978494624
auaal0719.corp.aal.au,99.99663978494624
slb25965.srv.allianz,99.99663978494623
slb24853.srv.allianz,99.99663978494623
slb24850.srv.allianz,99.99663978494623
slb23050.srv.allianz,99.99663978494623
slb23048.srv.allianz,99.99663978494623
slb22189.srv.allianz,99.99663978494623
slb22032.srv.allianz,99.99663978494623
slb21831.srv.allianz,99.99663978494623
slb21445.srv.allianz,99.99663978494623
slb16364.srv.allianz,99.99663978494623
sla99861.srv.allianz,99.99663978494623
sla98266.srv.allianz,99.99663978494623
sla97593.srv.allianz,99.99663978494623
sla97170.srv.allianz,99.99663978494623
sla97110.srv.allianz,99.99663978494623
sla97105.srv.allianz,99.99663978494623
sla95302.srv.allianz,99.99663978494623
sla95300.srv.allianz,99.99663978494623
sla95298.srv.allianz,99.99663978494623
sla91740.srv.allianz,99.99663978494623
sla91738.srv.allianz,99.99663978494623
sla91700.srv.allianz,99.99663978494623
sla91699.srv.allianz,99.99663978494623
sla87749.srv.allianz,99.99663978494623
sla87475.srv.allianz,99.99663978494623
sla87474.srv.allianz,99.99663978494623
phpnb0230.srv.allianz,99.99663978494623
phpnb0229.srv.allianz,99.99663978494623
phpnb0226.srv.allianz,99.99663978494623
phpnb0158.srv.allianz,99.99663978494623
phpnb0131.srv.allianz,99.99663978494623
hitmmdcopp1.cmap.allianz,99.99663978494623
ap2smaadevma01.cmap.allianz,99.99663978494623
slb27538.srv.allianz,99.99626642771804
slb25188.srv.allianz,99.99626642771804
slb23049.srv.allianz,99.99626642771804
slb22948.srv.allianz,99.99626642771804
slb22944.srv.allianz,99.99626642771804
slb22905.srv.allianz,99.99626642771804
slb22882.srv.allianz,99.99626642771804
slb22192.srv.allianz,99.99626642771804
slb22187.srv.allianz,99.99626642771804
slb21977.srv.allianz,99.99626642771804
slb21905.srv.allianz,99.99626642771804
slb21635.srv.allianz,99.99626642771804
slb21335.srv.allianz,99.99626642771804
sla99946.srv.allianz,99.99626642771804
sla99944.srv.allianz,99.99626642771804
sla98322.srv.allianz,99.99626642771804
sla97207.srv.allianz,99.99626642771804
sla96832.srv.allianz,99.99626642771804
sla96254.srv.allianz,99.99626642771804
sla93595.srv.allianz,99.99626642771804
sla93273.srv.allianz,99.99626642771804
sla91701.srv.allianz,99.99626642771804
sla88005.srv.allianz,99.99626642771804
sla87004.srv.allianz,99.99626642771804
hitmap1opd1.cmap.allianz,99.99626642771804
auaal1603.corp.aal.au,99.99626642771804
auaal1223.corp.aal.au,99.99626642771804
auaal1195.corp.aal.au,99.99626642771804
auaal1144.corp.aal.au,99.99626642771804
auaal1136(aaldbuap2013),99.99626642771804
auaal0926.corp.aal.au,99.99626642771804
auaal0420.corp.aal.au,99.99626642771804
sla97158.srv.allianz,99.99589307048984
sla97011.srv.allianz,99.99589307048984
sgazt0599.srv.allianz,99.99589307048984
phpnb0167.srv.allianz,99.99589307048984
phpnb0145.srv.allianz,99.99589307048984
hitmap1opp3.cmap.allianz,99.99589307048984
auaal1468.corp.aal.au,99.99589307048984
auaal1443(aaldbpap2015b),99.99589307048984
auaal1390.corp.aal.au,99.99589307048984
auaal1141.corp.aal.au,99.99589307048984
auaal1134.corp.aal.au,99.99589307048984
auaal1131.corp.aal.au,99.99589307048984
auaal0729.corp.aal.au,99.99589307048984
auaal0724.corp.aal.au,99.99589307048984
auaal0670.corp.aal.au,99.99589307048984
auaal0510.corp.aal.au,99.99589307048984
auaal0478.corp.aal.au,99.99589307048984
auaal0418.corp.aal.au,99.99589307048984
aalsbspdc023.corp.aal.au,99.99589307048984
slc11489,99.99551971326166
slb23045.srv.allianz,99.99551971326166
slb22943.srv.allianz,99.99551971326166
slb22373.srv.allianz,99.99551971326166
slb22188.srv.allianz,99.99551971326166
slb22077.srv.allianz,99.99551971326166
slb22025.srv.allianz,99.99551971326166
slb21979.srv.allianz,99.99551971326166
slb21976.srv.allianz,99.99551971326166
slb21798.srv.allianz,99.99551971326166
slb16360.srv.allianz,99.99551971326166
sla98591.srv.allianz,99.99551971326166
sla98475.srv.allianz,99.99551971326166
sla97171.srv.allianz,99.99551971326166
sla97125.srv.allianz,99.99551971326166
sla96837.srv.allianz,99.99551971326166
sla96835.srv.allianz,99.99551971326166
sla91815.srv.allianz,99.99551971326166
sla91739.srv.allianz,99.99551971326166
sla91063.srv.allianz,99.99551971326166
phpnb0238.srv.allianz,99.99551971326166
hitmmdcmri1.cmap.allianz,99.99551971326166
auaal1470.corp.aal.au,99.99551971326166
auaal1469.corp.aal.au,99.99551971326166
auaal1243(aaldbpap2013a),99.99551971326166
auaal1038.corp.aal.au,99.99551971326166
auaal0949.corp.aal.au,99.99551971326166
auaal0930.corp.aal.au,99.99551971326166
auaal0822.corp.aal.au,99.99551971326166
auaal0727.corp.aal.au,99.99551971326166
auaal0726.corp.aal.au,99.99551971326166
auaal0581.corp.aal.au,99.99551971326166
auaal0487.corp.aal.au,99.99551971326166
auaal0479.corp.aal.au,99.99551971326166
auaal0465.corp.aal.au,99.99551971326166
slc11501,99.99514635603346
slc11495,99.99514635603346
slb27456.srv.allianz,99.99514635603346
slb22098.srv.allianz,99.99514635603346
sla93593.srv.allianz,99.99514635603346
slb22141.srv.allianz,99.99514635603344
sla97206.srv.allianz,99.99514635603344
sla97015.srv.allianz,99.99514635603344
sla86911.srv.allianz,99.99514635603344
phpnb0165.srv.allianz,99.99514635603344
auaal1474.corp.aal.au,99.99514635603344
auaal1145.corp.aal.au,99.99514635603344
aalsbapdc023.corp.aal.au,99.99514635603344
aalsbapdc022.corp.aal.au,99.99514635603344
aalharbkhh01.corp.aal.au,99.99514635603344
slb27443.srv.allianz,99.99477299880526
slb27441.srv.allianz,99.99477299880526
slb25190.srv.allianz,99.99477299880526
slb24686.srv.allianz,99.99477299880526
slb22120.srv.allianz,99.99477299880526
slb21991(aalwspap2711),99.99477299880526
slb20019.srv.allianz,99.99477299880526
sla97013.srv.allianz,99.99477299880526
sla96735.srv.allianz,99.99477299880526
sla95949.srv.allianz,99.99477299880526
phpnb0185.srv.allianz,99.99477299880526
phpnb0173.srv.allianz,99.99477299880526
phpnb0169.srv.allianz,99.99477299880526
phpnb0168.srv.allianz,99.99477299880526
phpnb0166.srv.allianz,99.99477299880526
phpnb0164.srv.allianz,99.99477299880526
phpnb0150.srv.allianz,99.99477299880526
phpnb0149.srv.allianz,99.99477299880526
phpnb0148.srv.allianz,99.99477299880526
phpnb0146.srv.allianz,99.99477299880526
phpnb0144.srv.allianz,99.99477299880526
phpnb0143.srv.allianz,99.99477299880526
auaal1699.corp.aal.au,99.99477299880526
auaal0412.corp.aal.au,99.99477299880526
slb27552.srv.allianz,99.99439964157708
slb24315.srv.allianz,99.99439964157708
slb22104.srv.allianz,99.99439964157708
sla97014.srv.allianz,99.99439964157708
slb27584.srv.allianz,99.99439964157706
slb27203.srv.allianz,99.99439964157706
slb27195.srv.allianz,99.99439964157706
slb25886.srv.allianz,99.99439964157706
slb22110.srv.allianz,99.99439964157706
sla96259.srv.allianz,99.99439964157706
sla87745.srv.allianz,99.99439964157706
sla86513.srv.allianz,99.99439964157706
phpnb0218.srv.allianz,99.99439964157706
phpnb0178.srv.allianz,99.99439964157706
phpnb0159.srv.allianz,99.99439964157706
phpnb0157.srv.allianz,99.99439964157706
phpnb0147.srv.allianz,99.99439964157706
auaal1701.corp.aal.au,99.99439964157706
auaal1605.corp.aal.au,99.99439964157706
auaal1601.corp.aal.au,99.99439964157706
auaal1471.corp.aal.au,99.99439964157706
auaal1379.corp.aal.au,99.99439964157706
auaal1377.corp.aal.au,99.99439964157706
auaal1197.corp.aal.au,99.99439964157706
auaal1173.corp.aal.au,99.99439964157706
auaal1147.corp.aal.au,99.99439964157706
auaal0980.corp.aal.au,99.99439964157706
auaal0917.corp.aal.au,99.99439964157706
auaal0557(aalpguap2002),99.99439964157706
slc13796,99.99402628434888
slc12368,99.99402628434886
slb27558.srv.allianz,99.99402628434886
slb26700.srv.allianz,99.99402628434886
slb26136.srv.allianz,99.99402628434886
slb24672.srv.allianz,99.99402628434886
slb24597.srv.allianz,99.99402628434886
slb24250.srv.allianz,99.99402628434886
slb22374.srv.allianz,99.99402628434886
slb21824.srv.allianz,99.99402628434886
slb21818.srv.allianz,99.99402628434886
slb21815.srv.allianz,99.99402628434886
sla96403.srv.allianz,99.99402628434886
sla96396.srv.allianz,99.99402628434886
auaal1476.corp.aal.au,99.99402628434886
auaal1467.corp.aal.au,99.99402628434886
auaal1376.corp.aal.au,99.99402628434886
auaal1314.corp.aal.au,99.99402628434886
auaal1247.corp.aal.au,99.99402628434886
auaal1198.corp.aal.au,99.99402628434886
auaal1193.corp.aal.au,99.99402628434886
auaal1192.corp.aal.au,99.99402628434886
auaal1143.corp.aal.au,99.99402628434886
auaal0979.corp.aal.au,99.99402628434886
auaal0964.corp.aal.au,99.99402628434886
auaal0923.corp.aal.au,99.99402628434886
auaal0922.corp.aal.au,99.99402628434886
auaal0728.corp.aal.au,99.99402628434886
auaal0506.corp.aal.au,99.99402628434886
auaal0411.corp.aal.au,99.99402628434886
ap1smacvfrel01.cmap.allianz,99.99402628434886
slc11500,99.99365292712068
slc11492,99.99365292712068
slb27202.srv.allianz,99.99365292712068
slb27201.srv.allianz,99.99365292712068
slb27196.srv.allianz,99.99365292712068
slb26619.srv.allianz,99.99365292712068
slb24676.srv.allianz,99.99365292712068
slb24249.srv.allianz,99.99365292712068
slb24248.srv.allianz,99.99365292712068
slb22130.srv.allianz,99.99365292712068
slb21825.srv.allianz,99.99365292712068
slb21817.srv.allianz,99.99365292712068
sla87743.srv.allianz,99.99365292712068
hitmap2opp3.cmap.allianz,99.99365292712068
hitmap1opp2.cmap.allianz,99.99365292712068
auaal1702.corp.aal.au,99.99365292712068
auaal1481.corp.aal.au,99.99365292712068
auaal1380.corp.aal.au,99.99365292712068
auaal1328.corp.aal.au,99.99365292712068
auaal1293.corp.aal.au,99.99365292712068
auaal1211.corp.aal.au,99.99365292712068
auaal1196.corp.aal.au,99.99365292712068
auaal1194.corp.aal.au,99.99365292712068
auaal1191.corp.aal.au,99.99365292712068
auaal1142.corp.aal.au,99.99365292712068
auaal1140.corp.aal.au,99.99365292712068
auaal1139.corp.aal.au,99.99365292712068
auaal1133.corp.aal.au,99.99365292712068
auaal0927.corp.aal.au,99.99365292712068
auaal0924.corp.aal.au,99.99365292712068
auaal0672.corp.aal.au,99.99365292712068
auaal0669.corp.aal.au,99.99365292712068
auaal0668.corp.aal.au,99.99365292712068
auaal0464.corp.aal.au,99.99365292712068
auaal0351.corp.aal.au,99.99365292712068
ap1sma0prhs004.cmap.allianz,99.99365292712068
slb27585.srv.allianz,99.99327956989248
slb27557.srv.allianz,99.99327956989248
slb27548.srv.allianz,99.99327956989248
slb27006.srv.allianz,99.99327956989248
slb25121.srv.allianz,99.99327956989248
slb24804.srv.allianz,99.99327956989248
slb24683.srv.allianz,99.99327956989248
slb24319.srv.allianz,99.99327956989248
slb24316.srv.allianz,99.99327956989248
slb23846.srv.allianz,99.99327956989248
slb22859.srv.allianz,99.99327956989248
slb22105.srv.allianz,99.99327956989248
slb21822.srv.allianz,99.99327956989248
sla93592.srv.allianz,99.99327956989248
sla91814.srv.allianz,99.99327956989248
phpnb0182.srv.allianz,99.99327956989248
hitmap2opp4.cmap.allianz,99.99327956989248
hitmap2hro2.cmap.allianz,99.99327956989248
hitmap1hro1.cmap.allianz,99.99327956989248
auaal0486.corp.aal.au,99.99327956989248
slb24677.srv.allianz,99.99327956989247
slb24318.srv.allianz,99.99327956989247
slb23218.srv.allianz,99.99327956989247
sla87208.srv.allianz,99.99327956989247
sla86795.srv.allianz,99.99327956989247
auaal1475.corp.aal.au,99.99327956989247
auaal1472.corp.aal.au,99.99327956989247
auaal1222.corp.aal.au,99.99327956989247
auaal0667.corp.aal.au,99.99327956989247
auaal0490.corp.aal.au,99.99327956989247
auaal0489.corp.aal.au,99.99327956989247
slb27412.srv.allianz,99.9929062126643
slc11493,99.99290621266428
slc11487,99.99290621266428
slb27194.srv.allianz,99.99290621266428
slb27028.srv.allianz,99.99290621266428
slb24329.srv.allianz,99.99290621266428
slb23155.srv.allianz,99.99290621266428
slb22769.srv.allianz,99.99290621266428
slb22131.srv.allianz,99.99290621266428
slb22108.srv.allianz,99.99290621266428
slb22102.srv.allianz,99.99290621266428
slb22101.srv.allianz,99.99290621266428
slb22100.srv.allianz,99.99290621266428
slb22078.srv.allianz,99.99290621266428
slb22046.srv.allianz,99.99290621266428
slb21989(aalwspap2714),99.99290621266428
slb21796.srv.allianz,99.99290621266428
sla96289.srv.allianz,99.99290621266428
sla96253.srv.allianz,99.99290621266428
hitmap2mri2.cmap.allianz,99.99290621266428
hitmap1opp1.cmap.allianz,99.99290621266428
auaal1700.corp.aal.au,99.99290621266428
auaal1473.corp.aal.au,99.99290621266428
auaal1354.corp.aal.au,99.99290621266428
auaal1251.corp.aal.au,99.99290621266428
auaal0779.corp.aal.au,99.99290621266428
auaal0583.corp.aal.au,99.99290621266428
auaal0505.corp.aal.au,99.99290621266428
ap2smabcvma001.cmap.allianz,99.99290621266428
slc13046.lh-p001-p.sa1.azure.aztec.cloud.allianz,99.99253285543608
slc11496,99.99253285543608
slc11490,99.99253285543608
slb24967.srv.allianz,99.99253285543608
slb24324.srv.allianz,99.99253285543608
slb24322.srv.allianz,99.99253285543608
slb22821.srv.allianz,99.99253285543608
slb21836.srv.allianz,99.99253285543608
slb21447.srv.allianz,99.99253285543608
slb20018.srv.allianz,99.99253285543608
sla97049.srv.allianz,99.99253285543608
sla95749.srv.allianz,99.99253285543608
mdcsmacvfrel01.cmap.allianz,99.99253285543608
slc11494,99.99253285543607
slb27549.srv.allianz,99.99253285543607
slb24944.srv.allianz,99.99253285543607
slb22133.srv.allianz,99.99253285543607
slb21904.srv.allianz,99.99253285543607
slb21819.srv.allianz,99.99253285543607
sla99640.srv.allianz,99.99253285543607
sla96155.srv.allianz,99.99253285543607
phpnb0234.srv.allianz,99.99253285543607
hitmmdchro1.cmap.allianz,99.99253285543607
hitmap2opa1.cmap.allianz,99.99253285543607
auaal0502.corp.aal.au,99.99253285543607
ap1sgaztl0063.srv.allianz,99.99253285543607
aalsbspdc022.corp.aal.au,99.99253285543607
aalmqspdc002.corp.aal.au,99.99253285543607
aalmqapdc002.corp.aal.au,99.99253285543607
slc13756,99.9921594982079
slc12775.srv.allianz,99.9921594982079
slb21299.srv.allianz,99.9921594982079
sla95745.srv.allianz,99.9921594982079
slc13466,99.99215949820788
slc12111,99.99215949820788
slc12101,99.99215949820788
slc11498,99.99215949820788
slc10483,99.99215949820788
slb27554.srv.allianz,99.99215949820788
slb26595.srv.allianz,99.99215949820788
slb24688.srv.allianz,99.99215949820788
slb24687.srv.allianz,99.99215949820788
slb24251.srv.allianz,99.99215949820788
slb23496.srv.allianz,99.99215949820788
slb22820.srv.allianz,99.99215949820788
slb22521.srv.allianz,99.99215949820788
slb22359.srv.allianz,99.99215949820788
slb22113.srv.allianz,99.99215949820788
slb21143.srv.allianz,99.99215949820788
sla97157.srv.allianz,99.99215949820788
sla96258.srv.allianz,99.99215949820788
sla96110.srv.allianz,99.99215949820788
sla94867.srv.allianz,99.99215949820788
sla89237.srv.allianz,99.99215949820788
sla88338.srv.allianz,99.99215949820788
hitmap2opp2.cmap.allianz,99.99215949820788
slc11558,99.99178614097971
slc12567,99.9917861409797
slc12203,99.9917861409797
slc11545,99.9917861409797
slc11497,99.9917861409797
slc11488,99.9917861409797
slc11469,99.9917861409797
slb26985.srv.allianz,99.9917861409797
slb26827.srv.allianz,99.9917861409797
slb25885.srv.allianz,99.9917861409797
slb25057.srv.allianz,99.9917861409797
slb25030.srv.allianz,99.9917861409797
slb24945.srv.allianz,99.9917861409797
slb24847.srv.allianz,99.9917861409797
slb24690.srv.allianz,99.9917861409797
slb24317.srv.allianz,99.9917861409797
slb22851.srv.allianz,99.9917861409797
slb22801.srv.allianz,99.9917861409797
slb22132.srv.allianz,99.9917861409797
slb22111.srv.allianz,99.9917861409797
slb21378.srv.allianz,99.9917861409797
slb20443.srv.allianz,99.9917861409797
sla99745.srv.allianz,99.9917861409797
sla99744.srv.allianz,99.9917861409797
sla99743.srv.allianz,99.9917861409797
sla99016.srv.allianz,99.9917861409797
sla97737.srv.allianz,99.9917861409797
sla97732.srv.allianz,99.9917861409797
sla92665.srv.allianz,99.9917861409797
sgora0002.srv.allianz,99.9917861409797
mdcsmavcvma001.cmap.allianz,99.9917861409797
lkazl0222.srv.allianz,99.9917861409797
auaal1332.corp.aal.au,99.9917861409797
auaal1331.corp.aal.au,99.9917861409797
auaal1249.corp.aal.au,99.9917861409797
auaal0417.corp.aal.au,99.9917861409797
auaal0376.corp.aal.au,99.9917861409797
ap1smaapavatest.cmap.allianz,99.9917861409797
slc12290,99.9914127837515
slc11485,99.9914127837515
slb27296.srv.allianz,99.9914127837515
slb25052.srv.allianz,99.9914127837515
slb24653.srv.allianz,99.9914127837515
slb23471.srv.allianz,99.9914127837515
slb22981.srv.allianz,99.9914127837515
slb22112.srv.allianz,99.9914127837515
slb21906.srv.allianz,99.9914127837515
slb21448.srv.allianz,99.9914127837515
sla94939.srv.allianz,99.9914127837515
sla87872.srv.allianz,99.9914127837515
sla87869.srv.allianz,99.9914127837515
auaal1248.corp.aal.au,99.9914127837515
auaal1246.corp.aal.au,99.9914127837515
slc13678,99.99141278375149
slc11486,99.99141278375149
thagt0064.srv.allianz,99.99103942652332
slc12145,99.99103942652332
slb24689.srv.allianz,99.99103942652332
sla97736.srv.allianz,99.99103942652332
phpnb0180.srv.allianz,99.99103942652332
slc12099,99.9910394265233
slb27559.srv.allianz,99.9910394265233
slb27551.srv.allianz,99.9910394265233
slb27550.srv.allianz,99.9910394265233
slb26599.srv.allianz,99.9910394265233
slb24902.srv.allianz,99.9910394265233
slb24766.srv.allianz,99.9910394265233
slb23844.srv.allianz,99.9910394265233
slb22827.srv.allianz,99.9910394265233
slb22190.srv.allianz,99.9910394265233
slb22109.srv.allianz,99.9910394265233
slb22079.srv.allianz,99.9910394265233
slb21823.srv.allianz,99.9910394265233
sla99925.srv.allianz,99.9910394265233
sla99742.srv.allianz,99.9910394265233
sla99023.srv.allianz,99.9910394265233
sla97735.srv.allianz,99.9910394265233
sla97048.srv.allianz,99.9910394265233
sla96404.srv.allianz,99.9910394265233
sla91742.srv.allianz,99.9910394265233
sla89230.srv.allianz,99.9910394265233
hitmap2opp1.cmap.allianz,99.9910394265233
hitmap2hro1.cmap.allianz,99.9910394265233
hitmap1snv1.cmap.allianz,99.9910394265233
hitmap1hro2.cmap.allianz,99.9910394265233
auaal0484.corp.aal.au,99.9910394265233
ap2smaacvma001.cmap.allianz,99.9910394265233
slc12806,99.9906660692951
slc12565,99.9906660692951
slc12379,99.9906660692951
slc12033,99.9906660692951
slc11777,99.9906660692951
slb27197.srv.allianz,99.9906660692951
slb25144.srv.allianz,99.9906660692951
slb24680.srv.allianz,99.9906660692951
slb22980.srv.allianz,99.9906660692951
sla97734.srv.allianz,99.9906660692951
auaal1395.corp.aal.au,99.9906660692951
auaal1330.corp.aal.au,99.9906660692951
auaal1218.corp.aal.au,99.9906660692951
auaal1215.corp.aal.au,99.9906660692951
auaal1043.corp.aal.au,99.9906660692951
auaal0872.corp.aal.au,99.9906660692951
auaal0752.corp.aal.au,99.9906660692951
slb27436.srv.allianz,99.99066606929509
slb24682.srv.allianz,99.99066606929509
slb22941.srv.allianz,99.99066606929509
slb22259.srv.allianz,99.99066606929509
sla99015.srv.allianz,99.99066606929509
sgazt0090.srv.allianz,99.99066606929509
phpnb0033.srv.allianz,99.99066606929509
slc12583,99.99029271206692
slc11556,99.99029271206692
slc11551,99.99029271206692
slc12100,99.9902927120669
slc11529.srv.allianz,99.9902927120669
slb25436.srv.allianz,99.9902927120669
slb25143.srv.allianz,99.9902927120669
sla99898.srv.allianz,99.9902927120669
sla96324.srv.allianz,99.9902927120669
sla88010.srv.allianz,99.9902927120669
sla88008.srv.allianz,99.9902927120669
sgazt0612.srv.allianz,99.9902927120669
sgazt0089.srv.allianz,99.9902927120669
phpnb0224.srv.allianz,99.9902927120669
auaal1041.corp.aal.au,99.9902927120669
auaal0789.corp.aal.au,99.9902927120669
auaal0378.corp.aal.au,99.9902927120669
aaljmdpdc001.corp.aal.au,99.9902927120669
slc11548,99.98991935483872
slc10484,99.98991935483872
slc13648,99.9899193548387
slc12425.srv.allianz,99.9899193548387
slc11549,99.9899193548387
slb25062.srv.allianz,99.9899193548387
slb25053.srv.allianz,99.9899193548387
sla99025.srv.allianz,99.9899193548387
sla97733.srv.allianz,99.9899193548387
ap1sgaztl0064.srv.allianz,99.9899193548387
slc12382,99.98991935483869
slc11910,99.98991935483869
slc11895,99.98991935483869
slb25068.srv.allianz,99.98991935483869
sla88578(aalpgpap2005),99.98991935483869
slc11553,99.98954599761052
slb25031.srv.allianz,99.98954599761052
slb22804.srv.allianz,99.98954599761052
hitmap1opa1.cmap.allianz,99.98954599761052
auaal1753.corp.aal.au,99.98954599761052
auaal1334.corp.aal.au,99.98954599761052
auaal0761.corp.aal.au,99.98954599761052
auaal0585.corp.aal.au,99.98954599761052
slc12035,99.9895459976105
slb26606.srv.allianz,99.98917264038234
sla97280.srv.allianz,99.98917264038234
sla96777.srv.allianz,99.98917264038234
sla88011.srv.allianz,99.98917264038234
sla88009.srv.allianz,99.98917264038234
slc13676,99.98917264038231
slc13361,99.98917264038231
slc11559,99.98917264038231
slc11554,99.98917264038231
slc13559,99.98879928315414
slc13105,99.98879928315414
slc12097,99.98879928315414
slc11552,99.98879928315414
slb24803.srv.allianz,99.98879928315414
slc13757,99.98879928315412
slc12383,99.98879928315412
slc11931,99.98879928315412
slb26596.srv.allianz,99.98879928315412
slb21924.srv.allianz,99.98879928315412
sla99725.srv.allianz,99.98879928315412
sla86717.srv.allianz,99.98879928315412
auaal0874.corp.aal.au,99.98879928315412
auaal0758.corp.aal.au,99.98879928315412
auaal0756.corp.aal.au,99.98879928315412
auaal0754.corp.aal.au,99.98879928315412
auaal0495.corp.aal.au,99.98879928315412
slb23470.srv.allianz,99.98879928315411
slb22860.srv.allianz,99.98879928315411
slb22351.srv.allianz,99.98879928315411
slc13675,99.98842592592594
slc11557,99.98842592592594
slb26621.srv.allianz,99.98842592592594
slb25072.srv.allianz,99.98842592592594
sla94523.srv.allianz,99.98842592592594
slc13014.srv.allianz,99.98842592592592
slc11932,99.98842592592592
slc10880.gdasaus-u.ae1.azure.aztec.cloud.allianz,99.98842592592592
sla97271.srv.allianz,99.98842592592592
sgazt0615.srv.allianz,99.98842592592592
auaal1333(aaldbuap2010),99.98842592592592
auaal0870.corp.aal.au,99.98842592592592
auaal0582.corp.aal.au,99.98842592592592
auaal0389.corp.aal.au,99.98842592592592
slc13727.srv.allianz,99.98805256869774
slc12426.srv.allianz,99.98805256869774
slb26620.srv.allianz,99.98805256869774
slb22353.srv.allianz,99.98805256869774
slc13475,99.98805256869773
slc13106,99.98805256869773
slc11778,99.98805256869773
slb20549.srv.allianz,99.98805256869773
phpnb0237.srv.allianz,99.98805256869773
phpnb0135.srv.allianz,99.98805256869773
phpnb0120.srv.allianz,99.98805256869773
hitmmdcopa1.cmap.allianz,99.98805256869773
auaal1042.corp.aal.au,99.98805256869773
auaal0871.corp.aal.au,99.98805256869773
ap2smabcvma004.cmap.allianz,99.98805256869773
slc13485.srv.allianz,99.98767921146954
slc11911,99.98767921146954
slb27366.srv.allianz,99.98767921146954
slb25522.srv.allianz,99.98767921146954
slb25051.srv.allianz,99.98767921146954
slb24768.srv.allianz,99.98767921146954
slb22352.srv.allianz,99.98767921146954
sla97274.srv.allianz,99.98767921146954
phpnb0136.srv.allianz,99.98767921146954
auaal1045.corp.aal.au,99.98767921146954
ap2smaoem001.cmap.allianz,99.98767921146954
ap1smaoem001.cmap.allianz,99.98767921146954
slb20027.srv.allianz,99.98730585424134
phpnb0137.srv.allianz,99.98730585424134
auaal1210.corp.aal.au,99.98730585424134
auaal1138.corp.aal.au,99.98730585424134
auaal0485.corp.aal.au,99.98730585424134
slc13703.srv.allianz,99.98730585424133
auaal0757.corp.aal.au,99.98730585424133
sla87871.srv.allianz,99.98693249701316
ap2smaacvma002.cmap.allianz,99.98693249701316
ap1smabcvma001.cmap.allianz,99.98693249701316
slc13699,99.98693249701314
slb25521.srv.allianz,99.98693249701314
sla94886.srv.allianz,99.98693249701314
sla94359.srv.allianz,99.98693249701314
phpnb0186.srv.allianz,99.98693249701314
phpnb0115.srv.allianz,99.98693249701314
auaal0755.corp.aal.au,99.98693249701314
ap2smaacvma004.cmap.allianz,99.98693249701314
slc11894,99.98655913978494
slb24946.srv.allianz,99.98655913978494
sla92666.srv.allianz,99.98655913978494
sla88226.srv.allianz,99.98655913978494
auaal1135(aaldbuap2011),99.98655913978494
ap2smabcvma002.cmap.allianz,99.98655913978494
sla88339.srv.allianz,99.98655913978493
phpnb0114.srv.allianz,99.98655913978493
phpnb0101.srv.allianz,99.98655913978493
phpnb0095.srv.allianz,99.98655913978493
phpnb0080.srv.allianz,99.98655913978493
auaal0421.corp.aal.au,99.98655913978493
ap1smaacvma001.cmap.allianz,99.98655913978493
slc13673,99.98618578255676
slb24765.srv.allianz,99.98618578255675
phpnb0079.srv.allianz,99.98618578255675
auaal0584.corp.aal.au,99.98618578255675
ap2smaacvma003.cmap.allianz,99.98618578255675
slc13677,99.98581242532856
slc12034,99.98581242532856
auaal0671.corp.aal.au,99.98581242532856
auaal1329.corp.aal.au,99.98543906810036
auaal1221.corp.aal.au,99.98543906810036
slc12378.srv.allianz,99.98543906810035
auaal0725.corp.aal.au,99.98543906810035
slb25492.srv.allianz,99.98506571087218
sla88014.srv.allianz,99.98506571087218
phpnb0096.srv.allianz,99.98506571087216
auaal0512.srv.allianz,99.98506571087216
mdcsmaacvma002.cmap.allianz,99.98469235364396
mdcsmabcvma002.cmap.allianz,99.98469235364395
ap2smabcvma003.cmap.allianz,99.98469235364395
sla99853.srv.allianz,99.98431899641578
phpnb0082.srv.allianz,99.98394563918757
slb21641.srv.allianz,99.98357228195938
auaal0348.corp.aal.au,99.98357228195938
slb24929.srv.allianz,99.98357228195937
auaal0116.corp.aal.au,99.98357228195937
mdcsmabcvma001.cmap.allianz,99.9831989247312
slc11999,99.98282556750299
slb24764.srv.allianz,99.98282556750299
slc13173,99.9824522102748
slb21137.srv.allianz,99.9817054958184
sla98241.srv.allianz,99.9813321385902
sla97270.srv.allianz,99.9813321385902
sla98245.srv.allianz,99.98095878136202
mdcsmaacvma001.cmap.allianz,99.980958781362
slb24767.srv.allianz,99.9805854241338
slb22536.srv.allianz,99.9805854241338
sla98231.srv.allianz,99.98021206690561
sla87870.srv.allianz,99.98021206690561
hitmap2snv1.cmap.allianz,99.97983870967742
sla98246.srv.allianz,99.97871863799283
sla92663.srv.allianz,99.97797192353644
slb21816.srv.allianz,99.97759856630825
phpnb0183.srv.allianz,99.97722520908005
auaal0120.corp.aal.au,99.97722520908005
auaal0375(aaldbuap2001),99.97647849462365
auaal0419.corp.aal.au,99.97498506571087
slb21673.srv.allianz,99.97386499402629
slb21672.srv.allianz,99.97162485065711
sla87819.srv.allianz,99.96975806451613
slb21674.srv.allianz,99.96938470728794
slc13823,99.96453106332139
auaal0124.corp.aal.au,99.96079749103946
slb26826.srv.allianz,99.95743727598567
sla93473.srv.allianz,99.95669056152927
sla97273.srv.allianz,99.93540919952211
slc10468,99.93242234169655
slc12000,99.89097968936677
slb23152.srv.allianz,99.68600657108722
slc12460,99.54935782556751
slc12105,98.19369772998805
slc02424,95.98416965352449
slc05653,95.97744922341697
slb23052.srv.allianz,77.97827060931901
slb16466.srv.allianz,72.52912186379929
slb16399.srv.allianz,72.41487455197134
slb27716.srv.allianz,70.11536738351253
slb11186.srv.allianz,68.35834826762247
ip-44-108-65-13.ap-southeast-2.compute.internal,68.18511051373953
ap1smap2vlin01,65.94347371565114
slc12233,62.7027329749104
slc13881,56.451239545997616
slb11191.srv.allianz,56.36835424133811
slc12001,56.154047192353666
slc12002,56.08161589008367
slc12230,55.00784050179212
slc12003,54.10879629629628
slb11195.srv.allianz,53.75
slc13896,49.73304958183991
slc13897,49.72782258064516
ap1sgaztl0019.srv.allianz,47.30846774193548
slc12005,45.75119474313024
slc12004,44.50866188769416
slc12232,44.461245519713266
sla92455.srv.allianz,43.37440262843486
thaay0127.srv.allianz,43.33333333333332
thaay0128.srv.allianz,43.32063918757468
thaay0126.srv.allianz,43.310185185185205
thaay0130.srv.allianz,43.302718040621286
slc12229,43.29375746714455
slc12228,43.293010752688154
slc12202.srv.allianz,43.24036738351256
slb21632.vpc-lh-np004-89sbv-7ty9k8jjysj.ase1.aws.aztec.cloud.allianz,43.2179659498208
slc11990,43.21535244922343
slc12231,43.19743130227001
slb21630.srv.allianz,43.1810035842294
slb21628.vpc-lh-np002-f7mqj-lh104-2tbf7-d-zh8av8lorn8.ase1.aws.aztec.cloud.allianz,43.17577658303467
slb21629.srv.allianz,43.17502986857828
slc12587,43.14964157706091
slc12212,43.14814814814817
slc12258,43.06264934289129
slc12249,43.06152927120668
slc12260,43.05518219832736
slc11988,43.01261947431301
slc12213,42.051224611708456
slc12588,40.98864994026283
slc12261,40.171744324970135
slb11211.srv.allianz,34.193548387096776
slc13918,34.09460872162485
slc02419,33.78808243727599
slb16500.srv.allianz,27.6564366786141
slb11153.srv.allianz,27.225582437275982
slb11152.srv.allianz,27.156511350059738
ip-44-102-71-182.ap-southeast-2.compute.internal,24.3189964157706
sla99443.srv.allianz,23.573028673835125
sgagc9004.agcsropus-vpc-fbrb4-dxootrhunho.ase1.aws.aztec.cloud.allianz,23.546146953405017
ip-44-108-65-57.ap-southeast-2.compute.internal,21.96796594982079
slb16509.srv.allianz,21.55689964157706
slc13953,20.999477299880525
slb16510.srv.allianz,20.75642174432497
slb11183.srv.allianz,19.56653225806452
slb16505.srv.allianz,18.88216845878136
ip-44-102-71-186.ap-southeast-2.compute.internal,17.827434289127837
slc13782,11.534498207885305
ip-44-108-65-36.ap-southeast-2.compute.internal,9.20213560334528
ip-44-108-65-60.ap-southeast-2.compute.internal,9.157706093189965
ip-44-102-71-228.ap-southeast-2.compute.internal,8.906810035842295
ip-44-102-71-107.ap-southeast-2.compute.internal,8.561081242532856
ip-44-108-67-208.ap-southeast-2.compute.internal,8.493130227001194
ip-44-102-71-180.ap-southeast-2.compute.internal,8.439740143369177
slb11149.srv.allianz,7.804659498207886
slb16485.srv.allianz,6.845878136200717
slb27779.srv.allianz,5.269937275985662
ip-44-102-71-189.ap-southeast-2.compute.internal,4.274940262843489
slb11192.srv.allianz,3.7899492234169654
ip-44-108-67-248.ap-southeast-2.compute.internal,3.5379330943847074
ip-44-102-71-11.ap-southeast-2.compute.internal,3.223192951015532
ip-44-102-71-11.ap-southeast-2.compute.internal,3.2198327359617687
ip-44-102-71-11.ap-southeast-2.compute.internal,3.2179659498207887
ip-44-102-71-11.ap-southeast-2.compute.internal,3.216845878136201
ip-44-102-71-11.ap-southeast-2.compute.internal,3.216099163679809
ip-44-102-71-11.ap-southeast-2.compute.internal,3.214605734767025
ip-44-102-71-11.ap-southeast-2.compute.internal,3.2131123058542412
slb11222.srv.allianz,3.0910244922341694
ip-44-102-71-11.ap-southeast-2.compute.internal,2.8214605734767026
ip-44-102-71-11.ap-southeast-2.compute.internal,2.8214605734767026
slb11223.srv.allianz,2.7889784946236555
ip-44-102-70-62.ap-southeast-2.compute.internal,2.629181600955794
slb11212.srv.allianz,2.3648446833930707
slb11216.srv.allianz,2.3581242532855438
ip-44-102-70-174.ap-southeast-2.compute.internal,2.3540173237753885
ip-44-102-71-226.ap-southeast-2.compute.internal,2.236036439665472
slb11225.srv.allianz,2.1591248506571086
slb11220.srv.allianz,2.1363500597371563
ip-44-102-71-29.ap-southeast-2.compute.internal,2.099761051373955
ip-44-102-71-11.ap-southeast-2.compute.internal,1.996714456391876
ip-44-102-70-223.ap-southeast-2.compute.internal,1.7824074074074074
ip-44-102-71-227.ap-southeast-2.compute.internal,1.6965352449223416
ip-44-102-71-185.ap-southeast-2.compute.internal,1.6786140979689368
ip-44-102-71-11.ap-southeast-2.compute.internal,1.3007765830346476
ip-44-102-71-198.ap-southeast-2.compute.internal,1.2768817204301073
ip-44-102-71-109.ap-southeast-2.compute.internal,1.2302120669056154
ip-44-102-71-11.ap-southeast-2.compute.internal,1.1902628434886497
ip-44-102-70-56.ap-southeast-2.compute.internal,1.1081242532855435
ip-44-102-71-163.ap-southeast-2.compute.internal,1.1021505376344085
slb16461.srv.allianz,1.0767622461170847
ip-44-102-71-203.ap-southeast-2.compute.internal,0.9360065710872162
ip-44-102-71-89.ap-southeast-2.compute.internal,0.7713560334528077
ip-44-102-71-231.ap-southeast-2.compute.internal,0.6936977299880525
thaay0129.srv.allianz,0.6724163679808841
ip-44-102-71-40.ap-southeast-2.compute.internal,0.6384408602150538
ip-44-102-71-111.ap-southeast-2.compute.internal,0.6272401433691756
ip-44-102-71-76.ap-southeast-2.compute.internal,0.6014784946236559
ip-44-102-70-250.ap-southeast-2.compute.internal,0.6014784946236559
ip-44-102-71-11.ap-southeast-2.compute.internal,0.5783303464755077
ip-44-102-71-11.ap-southeast-2.compute.internal,0.5734767025089605
ip-44-102-71-35.ap-southeast-2.compute.internal,0.540621266427718
ip-44-102-70-111.ap-southeast-2.compute.internal,0.540621266427718
ip-44-102-71-109.ap-southeast-2.compute.internal,0.45101553166069297
ip-44-102-71-109.ap-southeast-2.compute.internal,0.4465352449223417
ip-44-102-71-198.ap-southeast-2.compute.internal,0.3916517323775388
ip-44-102-71-39.ap-southeast-2.compute.internal,0.3330346475507766
ip-44-102-70-156.ap-southeast-2.compute.internal,0.3330346475507766
ip-44-102-71-25.ap-southeast-2.compute.internal,0.27180406212664276
ip-44-108-67-218.ap-southeast-2.compute.internal,0.26657706093189965
ip-44-102-71-10.ap-southeast-2.compute.internal,0.24604241338112307
ip-44-102-70-206.ap-southeast-2.compute.internal,0.24604241338112307
ip-44-102-71-19.ap-southeast-2.compute.internal,0.22998805256869775
ip-44-108-65-24.ap-southeast-2.compute.internal,0.21393369175627241
ip-44-108-67-204.ap-southeast-2.compute.internal,0.21094683393070493
ip-44-108-65-25.ap-southeast-2.compute.internal,0.20273297491039427
ip-44-108-67-218.ap-southeast-2.compute.internal,0.20161290322580644
ip-44-102-71-123.ap-southeast-2.compute.internal,0.1993727598566308
slb11217.srv.allianz,0.19302568697729988
ip-44-102-71-11.ap-southeast-2.compute.internal,0.16203703703703703
ip-44-108-65-24.ap-southeast-2.compute.internal,0.1388888888888889
ip-44-102-71-207.ap-southeast-2.compute.internal,0.13851553166069297
ip-44-102-71-47.ap-southeast-2.compute.internal,0.126194743130227
ip-44-102-70-123.ap-southeast-2.compute.internal,0.126194743130227
ip-44-102-70-192.ap-southeast-2.compute.internal,0.12096774193548387
ip-44-102-71-11.ap-southeast-2.compute.internal,0.11200716845878136
ip-44-102-71-109.ap-southeast-2.compute.internal,0.09520609318996416
ip-44-102-71-59.ap-southeast-2.compute.internal,0.08848566308243727
ip-44-102-70-184.ap-southeast-2.compute.internal,0.08848566308243727
ip-44-102-70-137.ap-southeast-2.compute.internal,0.07019115890083631
ip-44-102-70-192.ap-southeast-2.compute.internal,0.05339008363201911
ip-44-108-67-219.ap-southeast-2.compute.internal,0.05264336917562724
ip-44-102-70-43.ap-southeast-2.compute.internal,0.0492831541218638
ip-44-108-65-12.ap-southeast-2.compute.internal,0.044056152927120666
ip-44-102-70-174.ap-southeast-2.compute.internal,0.03658900836320191
ip-44-108-65-15.ap-southeast-2.compute.internal,0.025388291517323778
ip-44-108-67-218.ap-southeast-2.compute.internal,0.0246415770609319
ip-44-102-71-11.ap-southeast-2.compute.internal,0.023521505376344086
ip-44-108-67-204.ap-southeast-2.compute.internal,0.02314814814814815
ip-44-102-71-11.ap-southeast-2.compute.internal,0.01941457586618877
ip-44-108-67-216.ap-southeast-2.compute.internal,0.017547789725209078
ip-44-102-70-192.ap-southeast-2.compute.internal,0.016427718040621264
ip-44-108-65-57.ap-southeast-2.compute.internal,0.01568100358422939
ip-44-102-71-189.ap-southeast-2.compute.internal,0.013440860215053762
ip-44-108-65-57.ap-southeast-2.compute.internal,0.012694145758661889
ip-44-108-67-216.ap-southeast-2.compute.internal,0.008960573476702509
ip-44-108-67-213.ap-southeast-2.compute.internal,0.008960573476702509
ip-44-108-65-8.ap-southeast-2.compute.internal,0.008587216248506571
ip-44-102-71-11.ap-southeast-2.compute.internal,0.007840501792114695
ip-44-108-67-199.ap-southeast-2.compute.internal,0.007467144563918758
ip-44-108-65-12.ap-southeast-2.compute.internal,0.007467144563918758
ip-44-108-67-221.ap-southeast-2.compute.internal,0.006720430107526882
ip-44-108-65-57.ap-southeast-2.compute.internal,0.006720430107526882
ip-44-108-65-52.ap-southeast-2.compute.internal,0.006720430107526882
ip-44-108-65-15.ap-southeast-2.compute.internal,0.006720430107526882
ip-44-108-65-6.ap-southeast-2.compute.internal,0.0063470728793309445
ip-44-108-65-52.ap-southeast-2.compute.internal,0.0059737156511350045
ip-44-108-65-12.ap-southeast-2.compute.internal,0.0059737156511350045
ip-44-108-65-24.ap-southeast-2.compute.internal,0.005600358422939068
ip-44-102-71-11.ap-southeast-2.compute.internal,0.005600358422939068
ip-44-102-71-11.ap-southeast-2.compute.internal,0.005600358422939068
ip-44-102-71-11.ap-southeast-2.compute.internal,0.005600358422939068
ip-44-108-65-27.ap-southeast-2.compute.internal,0.00522700119474313
ip-44-108-65-24.ap-southeast-2.compute.internal,0.00522700119474313
ip-44-108-65-12.ap-southeast-2.compute.internal,0.00522700119474313
ip-44-108-65-12.ap-southeast-2.compute.internal,0.00522700119474313
ip-44-108-65-57.ap-southeast-2.compute.internal,0.004480286738351254
ip-44-108-65-12.ap-southeast-2.compute.internal,0.004480286738351254
ip-44-108-65-57.ap-southeast-2.compute.internal,0.004106929510155316
ip-44-108-67-215.ap-southeast-2.compute.internal,0.003733572281959379
ip-44-108-65-6.ap-southeast-2.compute.internal,0.003733572281959379
ip-44-108-65-12.ap-southeast-2.compute.internal,0.003733572281959379
ip-44-108-65-24.ap-southeast-2.compute.internal,0.003360215053763441
ip-44-108-65-15.ap-southeast-2.compute.internal,0.0029868578255675023
ip-44-108-65-12.ap-southeast-2.compute.internal,0.0029868578255675023
ip-44-108-65-57.ap-southeast-2.compute.internal,0.002240143369175627
ip-44-108-65-25.ap-southeast-2.compute.internal,0.002240143369175627
ip-44-102-70-192.ap-southeast-2.compute.internal,0.002240143369175627
ip-44-108-67-218.ap-southeast-2.compute.internal,0.0018667861409796896
ip-44-102-71-11.ap-southeast-2.compute.internal,0.0018667861409796896
